school,tier,contact_type,contact_name,email,discount_code,confidence,source_url,status,sent_at
Stanford,top,club,—,annieee@stanford.edu,STANFORD10,verified,https://www.stanfordacm.org/contact,sent,
Carnegie Mellon,top,career-center,—,careers@cs.cmu.edu,CMU10,verified,https://www.cs.cmu.edu/scs-careers/,sent,
UC Berkeley,top,career-center,—,ess@berkeley.edu,BERKELEY10,verified,https://engineering.berkeley.edu/admissions/undergraduate-admissions/department-contacts/,sent,
Princeton,top,career-center,—,careerdevelopment@princeton.edu,PRINCETON10,verified,https://careerdevelopment.princeton.edu/how-we-help/contact-us,sent,
UIUC,top,club,—,officers@acm.illinois.edu,UIUC10,verified,https://www.acm.illinois.edu/about/,sent,
UT Austin,top,club,—,pres@texasacm.org,UTEXAS10,verified,https://www.texasacm.org/,sent,
UC San Diego,top,club,—,contact@acmucsd.org,UCSD10,verified,https://acmucsd.com/,sent,
UCLA,top,club,—,acm@ucla.edu,UCLA10,verified,https://www.uclaacm.com/about,sent,
Columbia,top,career-center,—,careereducation@columbia.edu,COLUMBIA10,verified,https://bulletin.columbia.edu/columbia-engineering/directory-university-resources/,sent,
University of Washington,top,career-center,—,engrhire@uw.edu,UWASH10,verified,https://engineering.uw.edu/students/career-center,sent,
UW-Madison,top,club,—,sacm@cs.wisc.edu,UWMADISON10,verified,https://sacm.cs.wisc.edu/about,sent,
USC,top,club,—,uscacm@gmail.com,USC10,verified,https://www.cs.usc.edu/students/cs-student-organizations/,sent,
Purdue,top,club,—,acm@purdue.edu,PURDUE10,verified,https://acm.cs.purdue.edu/,sent,
Brown,top,career-center,Emily Nolan,Emily_Nolan@brown.edu,BROWN10,verified,https://engineering.brown.edu/resources/prospective-employers,sent,
Kansas State,mid,club,—,ksuacm@ksu.edu,KSTATE10,verified,https://orgcentral.k-state.edu/acm/leadership-team/,sent,
University of Iowa,mid,club,—,acm@uiowa.edu,UIOWA10,verified,https://acm.org.uiowa.edu/contact,sent,
Iowa State,mid,club,M. Graham,mgraham@iastate.edu,IOWASTATE10,verified,https://cse.cs.iastate.edu/contact,sent,
Penn State,mid,club,—,president@acm.psu.edu,PENNSTATE10,verified,https://acm.psu.edu/,sent,
University of Minnesota,mid,career-center,—,csdesk@umn.edu,UMN10,verified,https://cse.umn.edu/cs/contact,sent,
University of South Florida,mid,club,—,acmofusf@gmail.com,USF10,verified,https://bullsconnect.usf.edu/acm/contact-us/,sent,
Colorado State,mid,career-center,—,info@cs.colostate.edu,COLOSTATE10,verified,https://www.cs.colostate.edu/,sent,
University of Utah,mid,career-center,—,ugrad-help@cs.utah.edu,UUTAH10,verified,https://www.cs.utah.edu/,sent,
Loyola University Chicago,mid,career-center,Victoria Bourne,vbourne@luc.edu,LOYOLACHI10,verified,https://www.luc.edu/cs/aboutus/contactus/,sent,
University of Missouri,mid,career-center,—,muengradvising@missouri.edu,MIZZOU10,verified,missouri.edu (Engineering Advising Office),sent,
University of Tennessee,mid,career-center,—,eecs-info@utk.edu,UTENN10,verified,https://eecs.utk.edu/,sent,
Ohio State,mid,club,—,acmwosu@gmail.com,OHIOSTATE10,verified,https://acmwosu.github.io/,sent,
Clemson,mid,club,—,acm@cs.clemson.edu,CLEMSON10,verified,https://computing.clemson.edu/acm/contact/,sent,
UCF,mid,club,—,acm.cecs.ucf@gmail.com,UCF10,verified,https://ucf.acm.org/,sent,
University of Georgia,mid,club,—,ugaacm@uga.edu,UGA10,verified,https://acm-uga.github.io/,sent,
Case Western Reserve,mid,club,—,acmcwru@case.edu,CWRU10,verified,https://community.case.edu/acm/contact-us/,sent,
Drexel,mid,club,—,drexelcswomen@gmail.com,DREXEL10,verified,https://drexelwics.hosting.acm.org/index.html,sent,
University of Delaware,mid,club,Jinay Jain,jjain@udel.edu,UDEL10,verified,https://www.cis.udel.edu/academics/undergraduate-programs/cis-student-clubs/,sent,
University of Maryland,mid,club,—,acm.cs.umd@gmail.com,UMD10,medium (search-sourced),https://acm.cs.umd.edu/home/,sent,
University of Cincinnati,mid,club,—,acmwuc@gmail.com,UCINCY10,medium (search-sourced),search-sourced,sent,
University of Virginia,mid,career-center,—,careercenter@virginia.edu,UVA10,verified,https://career.virginia.edu/,sent,
University of Pittsburgh,mid,career-center,—,careers@pitt.edu,PITT10,verified,https://careercentral.pitt.edu/,sent,
Boston University,mid,dept,—,cds-admin@bu.edu,BU10,verified,https://www.bu.edu/cds-faculty/stay-connected/,sent,
UC Irvine,mid,club,—,nunezje@uci.edu,UCIRVINE10,medium (personal address),search-sourced,sent,
UC Davis,mid,career-center,—,csugadvising@ucdavis.edu,UCDAVIS10,medium (403 on direct verify),search-sourced,sent,
Baylor,mid,dept,Mary Chandler,mary_chandler@baylor.edu,BAYLOR10,verified,https://www.ecs.baylor.edu/current-students/student-organizations-0,sent,
Kent State,mid,dept,—,ugradinfo@cs.kent.edu,KENTSTATE10,verified,https://www.kent.edu/cs/contact-information,sent,
Texas A&M,mid,career-center,—,easa@tamu.edu,TAMU10,verified,https://engineering.tamu.edu/academics/career-center/contact.html,pending,
Arizona State,mid,career-center,—,engineering.careers@asu.edu,ASU10,verified,https://career.engineering.asu.edu/,pending,
University of Florida,mid,career-center,—,UFCareerCenter@ufsa.ufl.edu,UFLORIDA10,verified,https://career.ufl.edu/,pending,
University of Arizona,mid,career-center,—,career@arizona.edu,UARIZONA10,verified,https://career.arizona.edu/,pending,
UC Santa Barbara,mid,career-center,—,coe-info@engineering.ucsb.edu,UCSB20,verified,https://engineering.ucsb.edu/undergraduate/internships-and-careers,pending,
CU Boulder,mid,career-center,—,cueng@colorado.edu,CUBOULDER20,verified,https://www.colorado.edu/engineering/engineering-career-services,pending,
Worcester Polytechnic Institute,mid,career-center,—,cdc@wpi.edu,WPI20,verified,https://cdc.wpi.edu/,pending,
Rochester Institute of Technology,mid,career-center,—,careerservices@rit.edu,RIT20,verified,https://www.rit.edu/careerservices/,pending,
Wayne State University,mid,career-center,—,careerservices@wayne.edu,WAYNESTATE20,verified,https://careerservices.wayne.edu/about/contact,pending,
University of Nebraska-Lincoln,mid,career-center,—,engineeringcareers@unl.edu,UNL20,verified,https://engineering.unl.edu/career-services/about/,pending,
Syracuse University,mid,career-center,—,careers@syr.edu,SYRACUSE20,verified,https://careerservices.syr.edu/contact/,pending,
Illinois Institute of Technology,mid,career-center,—,careerservices@illinoistech.edu,IIT10,verified,https://www.iit.edu/career-services,pending,
Marquette University,mid,career-center,—,industryrelations@marquette.edu,MARQUETTE20,verified,https://www.marquette.edu/career-center/about-us/,pending,
Saint Louis University,mid,career-center,—,career_services@slu.edu,SLU20,verified,https://www.slu.edu/life-at-slu/career-services/index.php,pending,
Texas Christian University,mid,career-center,—,careers@tcu.edu,TCU20,verified,https://careers.tcu.edu/,pending,
Kennesaw State University,mid,dept,—,ccseadvising@kennesaw.edu,KENNESAW20,verified,https://kennesaw.edu/ccse/about/contact-us.php,pending,
Florida Atlantic University,mid,career-center,—,engineering-services@fau.edu,FAU20,verified,https://www.fau.edu/engineering/case/career/,pending,
NC State University,mid,dept,—,engineering@ncsu.edu,NCSTATE20,verified,https://engr.ncsu.edu/careerfair/,pending,
University of Alabama Birmingham,mid,career-center,—,careerservices@uab.edu,UAB20,verified,https://www.uab.edu/students/careercenter/about/contact,pending,
Mississippi State University,mid,career-center,—,coop@career.msstate.edu,MSSTATE20,verified,https://www.career.msstate.edu/,pending,
University of Mississippi,mid,career-center,—,office@career.olemiss.edu,OLEMISS20,verified,https://career.olemiss.edu/,pending,
Georgia Southern University,mid,career-center,—,ocpd@georgiasouthern.edu,GASOUTHERN20,verified,https://academics.georgiasouthern.edu/career/our-office/contact-us,pending,
University of South Carolina,mid,career-center,—,career@sc.edu,USC_SC20,verified,https://sc.edu/about/offices_and_divisions/career_center/about_the_career_center/contact/index.php,pending,
University of Oklahoma,mid,career-center,—,careercenter@ou.edu,OU10,verified,https://www.ou.edu/career/about,pending,
Oklahoma State University,mid,career-center,—,careers@okstate.edu,OKSTATE20,verified,https://careerservices.okstate.edu/,pending,
University of Arkansas,mid,career-center,—,career@uark.edu,ARKANSAS20,verified,https://career.uark.edu/,pending,
University of Nevada Reno,mid,career-center,—,EngineeringCareers@unr.edu,UNR20,verified,https://www.unr.edu/engineering/student-resources/careers,pending,
UNLV,mid,career-center,—,CareerServices@unlv.edu,UNLV20,verified,https://www.unlv.edu/career-services-workforce-dev/contact,pending,
Colorado School of Mines,mid,career-center,—,careercenter@mines.edu,MINES20,verified,https://careers.mines.edu/contact/,pending,
Washington State University,mid,dept,—,vcea.info@wsu.edu,WSU20,verified,https://vcea.wsu.edu/student-success/internships-careers/,pending,
University of North Texas,mid,career-center,—,career.center@unt.edu,UNT20,verified,https://careercenter.unt.edu/,pending,
Missouri University of Science and Technology,mid,career-center,—,career@mst.edu,MISSOURIST20,verified,https://career.mst.edu/,pending,
Ohio University,mid,career-center,—,russcareerservices@ohio.edu,OHIOU20,verified,https://www.ohio.edu/engineering/academics/internships-careers,pending,
Michigan Technological University,mid,career-center,—,career@mtu.edu,MICHIGANTECH20,verified,https://www.mtu.edu/career/connect/about/contact/,pending,
Embry-Riddle Aeronautical University,mid,career-center,—,careers@erau.edu,EMBRYRIDDLE20,verified,https://careerservices.erau.edu/contact,pending,
University of New Mexico,mid,career-center,—,career4u@unm.edu,UNM20,verified,https://career.unm.edu/students--alumni/school-of-engineering.html,pending,
Boise State University,mid,career-center,—,career@boisestate.edu,BOISESTATE20,verified,https://www.boisestate.edu/career/about-us/,pending,
University of Idaho,mid,career-center,—,engr-sss@uidaho.edu,IDAHO20,verified,https://www.uidaho.edu/engr/services/student-services/career-services,pending,
Wichita State University,mid,career-center,—,SCA@wichita.edu,WICHITASTATE20,verified,https://www.wichita.edu/student_life/careerdevelopment/students.php,pending,
Louisiana Tech University,mid,career-center,—,CareerCenter@LATech.edu,LATECH20,verified,https://www.latech.edu/career-center/,pending,
University of Toledo,mid,career-center,—,RocketCareerCenter@utoledo.edu,TOLEDO20,verified,https://www.utoledo.edu/career/,pending,
Grand Valley State University,mid,career-center,—,careers@gvsu.edu,GVSU20,verified,https://www.gvsu.edu/careers/,pending,
Central Michigan University,mid,career-center,—,careers@cmich.edu,CMICH20,verified,https://www.cmich.edu/offices-departments/career-development-center,pending,
Oakland University,mid,career-center,—,careers@oakland.edu,OAKLANDU20,verified,https://oakland.edu/careerservices/,pending,
Milwaukee School of Engineering,mid,career-center,—,career-connections-center@msoe.edu,MSOE20,verified,https://www.msoecareerconnections.com/,pending,
North Dakota State University,mid,career-center,—,ndsu.coe@ndsu.edu,NDSU20,verified,https://www.ndsu.edu/engineering/about/contact,pending,
Northeastern University,mid,club,—,acm@ccs.neu.edu,NORTHEASTERN20,medium (search-sourced),https://www.khoury.northeastern.edu/clubs_and_orgs/acm-student-chapter-arlington/,pending,
Rutgers University,mid,dept,—,hello@soe.rutgers.edu,RUTGERS20,medium (search-sourced),https://soe.rutgers.edu/contact-us,pending,
